{
    "generated_at": "2026-02-20T10:03:28+08:00",
    "files_checked": 16,
    "issues_total": 0,
    "results": [
        {
            "file": "application.blade.php",
            "has_seo_meta": true,
            "h1_count": 1,
            "issues": []
        },
        {
            "file": "appointment.blade.php",
            "has_seo_meta": true,
            "h1_count": 1,
            "issues": []
        },
        {
            "file": "blog-show.blade.php",
            "has_seo_meta": true,
            "h1_count": 1,
            "issues": []
        },
        {
            "file": "blog.blade.php",
            "has_seo_meta": true,
            "h1_count": 1,
            "issues": []
        },
        {
            "file": "contact.blade.php",
            "has_seo_meta": true,
            "h1_count": 1,
            "issues": []
        },
        {
            "file": "jobs.blade.php",
            "has_seo_meta": true,
            "h1_count": 1,
            "issues": []
        },
        {
            "file": "nanny-concierge.blade.php",
            "has_seo_meta": true,
            "h1_count": 1,
            "issues": []
        },
        {
            "file": "our-people-your-dream-team.blade.php",
            "has_seo_meta": true,
            "h1_count": 1,
            "issues": []
        },
        {
            "file": "our-purpose-business-principles.blade.php",
            "has_seo_meta": true,
            "h1_count": 1,
            "issues": []
        },
        {
            "file": "pages/show.blade.php",
            "has_seo_meta": true,
            "h1_count": 2,
            "issues": []
        },
        {
            "file": "reference-show.blade.php",
            "has_seo_meta": true,
            "h1_count": 1,
            "issues": []
        },
        {
            "file": "service-area.blade.php",
            "has_seo_meta": true,
            "h1_count": 1,
            "issues": []
        },
        {
            "file": "service-detail.blade.php",
            "has_seo_meta": true,
            "h1_count": 1,
            "issues": []
        },
        {
            "file": "welcome.blade.php",
            "has_seo_meta": true,
            "h1_count": 1,
            "issues": []
        },
        {
            "file": "what-we-offer.blade.php",
            "has_seo_meta": true,
            "h1_count": 1,
            "issues": []
        },
        {
            "file": "who-we-are.blade.php",
            "has_seo_meta": true,
            "h1_count": 1,
            "issues": []
        }
    ]
}